{"MiddlesexCollege":{"name":"Middlesex College","numFloors":5,"Floors":{"Floor5":{"Layers":{"Accessibility":{"name":"Accessibility","visibility":false,"isBuiltIn":true,"POIs":{"Elevator 2":{"roomNum":"N\/A","visibility":false,"latitude":474,"name":"Elevator 2","description":"This is one of the 2 elevators located in Middlesex College (the only one that goes to the 5th floor)","isBuiltIn":true,"type":"Accessibility","isFavourite":false,"iconFileName":"elevator.png","longitude":989}}},"User Created":{"name":"User Created","visibility":false,"isBuiltIn":false,"POIs":{"null":{"roomNum":"null","visibility":false,"latitude":-1,"name":"null","description":"","isBuiltIn":false,"type":"User Created","isFavourite":false,"iconFileName":"userCreated.png","longitude":-1}}},"Stairwell":{"name":"Stairwell","visibility":false,"isBuiltIn":false,"POIs":{"Stairwell 3":{"roomNum":"ST.3","visibility":false,"latitude":362,"name":"Stairwell 3","description":"This is the third stairwell in Middlesex College","isBuiltIn":false,"type":"Stairwell","isFavourite":false,"iconFileName":"stairs.png","longitude":750}}}},"floorPNGFile":"MSC5.png","floorNum":5},"Floor4":{"Layers":{"Computer Science Collaborative Space":{"name":"Computer Science Collaborative Space","visibility":false,"isBuiltIn":false,"POIs":{"Computer Science Collaborative Space 3":{"roomNum":"325","visibility":false,"latitude":531,"name":"Computer Science Collaborative Space 3","description":"This is a collaborative space used by computer science students - located on the 4th floor of MiddleSex College","isBuiltIn":false,"type":"Computer Science Collaborative Space","isFavourite":false,"iconFileName":"collaborate.png","longitude":215}}},"Computer Science Lab":{"name":"Computer Science Lab","visibility":false,"isBuiltIn":false,"POIs":{"Computer Science Lab 4":{"roomNum":"342","visibility":false,"latitude":271,"name":"Computer Science Lab 4","description":"This is the only computer science lab on this floor, 3 are located on the floor below","isBuiltIn":false,"type":"Computer Science Lab","isFavourite":false,"iconFileName":"computer_lab.png","longitude":475}}},"Accessibility":{"name":"Accessibility","visibility":false,"isBuiltIn":true,"POIs":{"Elevator 1":{"roomNum":"N\/A","visibility":false,"latitude":336,"name":"Elevator 1","description":"This is one of the 2 elevators located in Middlesex College","isBuiltIn":true,"type":"Accessibility","isFavourite":false,"iconFileName":"elevator.png","longitude":697},"Elevator 2":{"roomNum":"N\/A","visibility":false,"latitude":474,"name":"Elevator 2","description":"This is one of the 2 elevators located in Middlesex College","isBuiltIn":true,"type":"Accessibility","isFavourite":false,"iconFileName":"elevator.png","longitude":989}}},"User Created":{"name":"User Created","visibility":false,"isBuiltIn":false,"POIs":{"null":{"roomNum":"null","visibility":false,"latitude":-1,"name":"null","description":"","isBuiltIn":false,"type":"User Created","isFavourite":false,"iconFileName":"userCreated.png","longitude":-1}}},"Stairwell":{"name":"Stairwell","visibility":false,"isBuiltIn":false,"POIs":{"Stairwell 3":{"roomNum":"ST.3","visibility":false,"latitude":362,"name":"Stairwell 3","description":"This is the third stairwell in Middlesex College","isBuiltIn":false,"type":"Stairwell","isFavourite":false,"iconFileName":"stairs.png","longitude":750},"Stairwell 2":{"roomNum":"ST.2","visibility":false,"latitude":579,"name":"Stairwell 2","description":"This is the second stairwell in Middlesex College","isBuiltIn":false,"type":"Stairwell","isFavourite":false,"iconFileName":"stairs.png","longitude":264},"Stairwell 1":{"roomNum":"ST.1","visibility":false,"latitude":528,"name":"Stairwell 1","description":"This is the first stairwell in Middlesex College","isBuiltIn":false,"type":"Stairwell","isFavourite":false,"iconFileName":"stairs.png","longitude":98}}},"Classroom":{"name":"Classroom","visibility":false,"isBuiltIn":null,"POIs":{"MC300":{"roomNum":"300","visibility":false,"latitude":408,"name":"MC300","description":"This is a classroom of the forth floor Middlesex College - Room num MC 300","isBuiltIn":false,"type":"Classroom","isFavourite":true,"iconFileName":"classroom.png","longitude":638},"MC320":{"roomNum":"320","visibility":false,"latitude":469,"name":"MC320","description":"This is a classroom of the forth floor Middlesex College - Room num MC 320","isBuiltIn":false,"type":"Classroom","isFavourite":false,"iconFileName":"classroom.png","longitude":326},"MC316":{"roomNum":"316","visibility":false,"latitude":430,"name":"MC316","description":"This is a classroom of the forth floor Middlesex College - Room num MC 316","isBuiltIn":false,"type":"Classroom","isFavourite":false,"iconFileName":"classroom.png","longitude":396}}},"Washrooms":{"name":"Washrooms","visibility":true,"isBuiltIn":null,"POIs":{"Womens Washroom 4":{"roomNum":"388","visibility":true,"latitude":385,"name":"Womens Washroom 4","description":"This is the womens washroom on the 4th floor of Middlesex College","isBuiltIn":true,"type":"Washroom","isFavourite":false,"iconFileName":"women_bathroom.png","longitude":793},"Mens Washroom 3":{"roomNum":"311","visibility":true,"latitude":380,"name":"Mens Washroom 3","description":"This is the mens washroom on the 4th floor of Middlesex College","isBuiltIn":true,"type":"Washroom","isFavourite":false,"iconFileName":"men_bathroom.png","longitude":524}}}},"floorPNGFile":"MSC4.png","floorNum":4},"Floor1":{"Layers":{"Exits":{"name":"Exits","visibility":false,"isBuiltIn":false,"POIs":{"Exit 4":{"roomNum":"N\/A","visibility":false,"latitude":268,"name":"Exit 4","description":"This is exit number 4 of Middlsex College - located on the first floor","isBuiltIn":false,"type":"Exits","isFavourite":false,"iconFileName":"exit.png","longitude":351},"Exit 5":{"roomNum":"N\/A","visibility":false,"latitude":248,"name":"Exit 5","description":"This is exit number 5 of Middlsex College - located on the first floor","isBuiltIn":false,"type":"Exits","isFavourite":false,"iconFileName":"exit.png","longitude":404},"Exit 8":{"roomNum":"N\/A","visibility":false,"latitude":179,"name":"Exit 8","description":"This is exit number 8 of Middlsex College - located on the first floor","isBuiltIn":false,"type":"Exits","isFavourite":false,"iconFileName":"exit.png","longitude":750},"Exit 6":{"roomNum":"N\/A","visibility":false,"latitude":180,"name":"Exit 6","description":"This is exit number 6 of Middlsex College - located on the first floor","isBuiltIn":false,"type":"Exits","isFavourite":false,"iconFileName":"exit.png","longitude":510},"Exit 7":{"roomNum":"N\/A","visibility":false,"latitude":159,"name":"Exit 7","description":"This is exit number 7 of Middlsex College - located on the first floor","isBuiltIn":false,"type":"Exits","isFavourite":false,"iconFileName":"exit.png","longitude":637}}},"User Created":{"name":"User Created","visibility":false,"isBuiltIn":false,"POIs":{"null":{"roomNum":"null","visibility":false,"latitude":-1,"name":"null","description":"","isBuiltIn":false,"type":"User Created","isFavourite":false,"iconFileName":"userCreated.png","longitude":-1}}},"Accessibility":{"name":"Accessibility","visibility":false,"isBuiltIn":true,"POIs":{"Elevator 1":{"roomNum":"N\/A","visibility":false,"latitude":336,"name":"Elevator 1","description":"This is one of the 2 elevators located in Middlesex College","isBuiltIn":true,"type":"Accessibility","isFavourite":false,"iconFileName":"elevator.png","longitude":697},"Elevator2":{"roomNum":"N\/A","visibility":false,"latitude":474,"name":"Elevator2","description":"This is one of the 2 elevators located in Middlesex College","isBuiltIn":true,"type":"Accessibility","isFavourite":false,"iconFileName":"elevator.png","longitude":989}}},"Classroom":{"name":"Classroom","visibility":false,"isBuiltIn":false,"POIs":{"MC6":{"roomNum":"6","visibility":false,"latitude":248,"name":"MC6","description":"This is a classroom of Middlesex College - Room num MC 6","isBuiltIn":false,"type":"Classrooms","isFavourite":false,"iconFileName":"classroom.png","longitude":404},"MC17":{"roomNum":"17","visibility":false,"latitude":343,"name":"MC17","description":"This is a classroom of Middlesex College - Room num MC 17","isBuiltIn":false,"type":"Classroom","isFavourite":false,"iconFileName":"classroom.png","longitude":329}}},"Stairwell":{"name":"Stairwell","visibility":false,"isBuiltIn":false,"POIs":{"Stairwell 3":{"roomNum":"ST.3","visibility":false,"latitude":362,"name":"Stairwell 3","description":"This is the third stairwell in Middlesex College","isBuiltIn":false,"type":"Stairwell","isFavourite":false,"iconFileName":"stairs.png","longitude":750},"Stairwell 2":{"roomNum":"ST.2","visibility":false,"latitude":579,"name":"Stairwell 2","description":"This is the second stairwell in Middlesex College","isBuiltIn":false,"type":"Stairwell","isFavourite":false,"iconFileName":"stairs.png","longitude":264},"Stairwell 1":{"roomNum":"ST.1","visibility":false,"latitude":528,"name":"Stairwell 1","description":"This is the first stairwell in Middlesex College","isBuiltIn":false,"type":"Stairwell","isFavourite":false,"iconFileName":"stairs.png","longitude":98}}},"Washrooms":{"name":"Washrooms","visibility":false,"isBuiltIn":true,"POIs":{"Womens Washroom 1":{"roomNum":"4B","visibility":false,"latitude":363,"name":"Womens Washroom 1","description":"This is the womens washroom on the 1st floor of Middlesex College","isBuiltIn":true,"type":"Washrooms","isFavourite":false,"iconFileName":"women_bathroom.png","longitude":555},"Mens Washroom 1":{"roomNum":"5B","visibility":false,"latitude":372,"name":"Mens Washroom 1","description":"This is the mens washroom on the 1st floor of Middlesex College","isBuiltIn":true,"type":"Washrooms","isFavourite":false,"iconFileName":"men_bathroom.png","longitude":515},"Unisex Washroom 1":{"roomNum":"4C","visibility":false,"latitude":332,"name":"Unisex Washroom 1","description":"This is the unisex washroom on the 1st floor of Middlesex College","isBuiltIn":true,"type":"Washrooms","isFavourite":false,"iconFileName":"unisex_bathroom.png","longitude":530}}},"Restaurants":{"name":"Restaurants","visibility":false,"isBuiltIn":false,"POIs":{"The Grad Club":{"roomNum":"19","visibility":false,"latitude":222,"name":"The Grad Club","description":"The Grad Club is a reseraunt located on floor 1 of Middlesex College","isBuiltIn":false,"type":"Restaurants","isFavourite":false,"iconFileName":"restaurant.png","longitude":605}}}},"floorPNGFile":"MSC1.png","floorNum":1},"Floor3":{"Layers":{"Computer Science Collaborative Space":{"name":"Computer Science Collaborative Space","visibility":false,"isBuiltIn":false,"POIs":{"Computer Science Collaborative Space 2":{"roomNum":"239","visibility":false,"latitude":407,"name":"Computer Science Collaborative Space 2","description":"This is one of 2 Computer Science collaboration spaces on the third floor of Middlesex College","isBuiltIn":false,"type":"Computer Science Collaborative Space","isFavourite":false,"iconFileName":"collaborate.png","longitude":236},"Computer Science Collaborative Space 1":{"roomNum":"220","visibility":false,"latitude":507,"name":"Computer Science Collaborative Space 1","description":"This is one of 2 Computer Science collaboration spaces on the third floor of Middlesex College","isBuiltIn":false,"type":"Computer Science Collaborative Space","isFavourite":false,"iconFileName":"collaborate.png","longitude":232}}},"Computer Science Lab":{"name":"Computer Science Lab","visibility":false,"isBuiltIn":false,"POIs":{"Computer Science Lab 3":{"roomNum":"240","visibility":false,"latitude":354,"name":"Computer Science Lab 3","description":"This is one of the three great computer science labs located on this floor - holding many computers all with many softwares","isBuiltIn":false,"type":"ComputerScienceLab","isFavourite":false,"iconFileName":"computer_lab.png","longitude":331},"Computer Science Lab 2":{"roomNum":"235","visibility":false,"latitude":418,"name":"Computer Science Lab 2","description":"This is one of the three great computer science labs located on this floor - holding many computers all with many softwares","isBuiltIn":false,"type":"ComputerScienceLab","isFavourite":false,"iconFileName":"computer_lab.png","longitude":164},"Computer Science Lab 1":{"roomNum":"230","visibility":false,"latitude":447,"name":"Computer Science Lab 1","description":"This is one of the three great computer science labs located on this floor - holding many computers all with many softwares","isBuiltIn":false,"type":"ComputerScienceLab","isFavourite":false,"iconFileName":"computer_lab.png","longitude":103}}},"User Created":{"name":"User Created","visibility":false,"isBuiltIn":false,"POIs":{"null":{"roomNum":"null","visibility":false,"latitude":-1,"name":"null","description":"","isBuiltIn":false,"type":"User Created","isFavourite":false,"iconFileName":"userCreated.png","longitude":-1}}},"Accessibility":{"name":"Accessibility","visibility":false,"isBuiltIn":true,"POIs":{"Elevator 1":{"roomNum":"N\/A","visibility":false,"latitude":336,"name":"Elevator 1","description":"This is one of the 2 elevators located in Middlesex College","isBuiltIn":true,"type":"Accessibility","isFavourite":false,"iconFileName":"elevator.png","longitude":697},"Elevator 2":{"roomNum":"N\/A","visibility":false,"latitude":474,"name":"Elevator 2","description":"This is one of the 2 elevators located in Middlesex College","isBuiltIn":true,"type":"Accessibility","isFavourite":false,"iconFileName":"elevator.png","longitude":989}}},"Stairwell":{"name":"Stairwell","visibility":false,"isBuiltIn":false,"POIs":{"Stairwell 3":{"roomNum":"ST.3","visibility":false,"latitude":362,"name":"Stairwell 3","description":"This is the third stairwell in Middlesex College","isBuiltIn":false,"type":"Stairwell","isFavourite":false,"iconFileName":"stairs.png","longitude":750},"Stairwell 2":{"roomNum":"ST.2","visibility":false,"latitude":579,"name":"Stairwell 2","description":"This is the second stairwell in Middlesex College","isBuiltIn":false,"type":"Stairwell","isFavourite":false,"iconFileName":"stairs.png","longitude":264},"Stairwell 1":{"roomNum":"ST.1","visibility":false,"latitude":528,"name":"Stairwell 1","description":"This is the first stairwell in Middlesex College","isBuiltIn":false,"type":"Stairwell","isFavourite":false,"iconFileName":"stairs.png","longitude":98}}},"Classroom":{"name":"Classroom","visibility":false,"isBuiltIn":false,"POIs":{"MC204":{"roomNum":"204","visibility":false,"latitude":308,"name":"MC204","description":"This is a classroom of the third floor Middlesex College - Room num MC 204","isBuiltIn":false,"type":"Classroom","isFavourite":false,"iconFileName":"classroom.png","longitude":637}}},"Washrooms":{"name":"Washrooms","visibility":false,"isBuiltIn":null,"POIs":{"Womens Washroom 3":{"roomNum":"205","visibility":false,"latitude":377,"name":"Womens Washroom 3","description":"This is the womens washroom on the 3rd floor of Middlesex College","isBuiltIn":true,"type":"Washroom","isFavourite":false,"iconFileName":"women_bathroom.png","longitude":519},"Unisex Washroom 2":{"roomNum":"278","visibility":false,"latitude":504,"name":"Unisex Washroom 2","description":"This is the unisex washroom on the 3rd floor of Middlesex College","isBuiltIn":true,"type":"Washroom","isFavourite":false,"iconFileName":"unisex_bathroom.png","longitude":1021}}}},"floorPNGFile":"MSC3.png","floorNum":3},"Floor2":{"Layers":{"Exits":{"name":"Exits","visibility":false,"isBuiltIn":false,"POIs":{"Exit 10":{"roomNum":"N\/A","visibility":false,"latitude":505,"name":"Exit 10","description":"This is exit number 10 of Middlsex College - located on the second floor","isBuiltIn":false,"type":"Exits","isFavourite":false,"iconFileName":"exit.png","longitude":976},"Exit 11":{"roomNum":"N\/A","visibility":false,"latitude":405,"name":"Exit 11","description":"This is exit number 11 of Middlsex College - located on the second floor","isBuiltIn":false,"type":"Exits","isFavourite":false,"iconFileName":"exit.png","longitude":761},"Exit 12":{"roomNum":"N\/A","visibility":false,"latitude":425,"name":"Exit 12","description":"This is exit number 12 of Middlsex College - located on the second floor","isBuiltIn":false,"type":"Exits","isFavourite":false,"iconFileName":"exit.png","longitude":707},"Exit 1":{"roomNum":"N\/A","visibility":false,"latitude":462,"name":"Exit 1","description":"This is exit number 1 of Middlsex College - located on the second floor - the main doors","isBuiltIn":false,"type":"Exits","isFavourite":false,"iconFileName":"exit.png","longitude":638},"Exit 2":{"roomNum":"N\/A","visibility":false,"latitude":524,"name":"Exit 2","description":"This is exit number 2 of Middlsex College - located on the second floor","isBuiltIn":false,"type":"Exits","isFavourite":false,"iconFileName":"exit.png","longitude":285}}},"Accessibility":{"name":"Accessibility","visibility":false,"isBuiltIn":true,"POIs":{"Elevator 1":{"roomNum":"N\/A","visibility":false,"latitude":336,"name":"Elevator 1","description":"This is one of the 2 elevators located in Middlesex College","isBuiltIn":true,"type":"Accessibility","isFavourite":false,"iconFileName":"elevator.png","longitude":697},"Elevator 2":{"roomNum":"N\/A","visibility":false,"latitude":474,"name":"Elevator 2","description":"This is one of the 2 elevators located in Middlesex College","isBuiltIn":true,"type":"Accessibility","isFavourite":false,"iconFileName":"elevator.png","longitude":989}}},"User Created":{"name":"User Created","visibility":false,"isBuiltIn":false,"POIs":{"null":{"roomNum":"null","visibility":false,"latitude":-1,"name":"null","description":"","isBuiltIn":false,"type":"User Created","isFavourite":false,"iconFileName":"userCreated.png","longitude":-1}}},"Classroom":{"name":"Classroom","visibility":false,"isBuiltIn":false,"POIs":{"MC110":{"roomNum":"110","visibility":false,"latitude":233,"name":"MC110","description":"This is a classroom of Middlesex College - Room num MC 110, where lectures for CS 2212 are held","isBuiltIn":false,"type":"Classroom","isFavourite":false,"iconFileName":"classroom.png","longitude":637},"MC105":{"roomNum":"105","visibility":false,"latitude":531,"name":"MC105","description":"This is a classroom of Middlesex College - Room num MC 105","isBuiltIn":false,"type":"Classroom","isFavourite":false,"iconFileName":"classroom.png","longitude":211},"MC105B":{"roomNum":"105B","visibility":false,"latitude":434,"name":"MC105B","description":"This is a classroom of Middlesex College - Room num MC 105B","isBuiltIn":false,"type":"Classroom","isFavourite":false,"iconFileName":"classroom.png","longitude":136}}},"Stairwell":{"name":"Stairwell","visibility":false,"isBuiltIn":false,"POIs":{"Stairwell 3":{"roomNum":"ST.3","visibility":false,"latitude":362,"name":"Stairwell 3","description":"This is the third stairwell in Middlesex College","isBuiltIn":false,"type":"Stairwell","isFavourite":false,"iconFileName":"stairs.png","longitude":750},"Stairwell 2":{"roomNum":"ST.2","visibility":false,"latitude":579,"name":"Stairwell 2","description":"This is the second stairwell in Middlesex College","isBuiltIn":false,"type":"Stairwell","isFavourite":false,"iconFileName":"stairs.png","longitude":264},"Stairwell 1":{"roomNum":"ST.1","visibility":false,"latitude":528,"name":"Stairwell 1","description":"This is the first stairwell in Middlesex College","isBuiltIn":false,"type":"Stairwell","isFavourite":false,"iconFileName":"stairs.png","longitude":98}}},"Washrooms":{"name":"Washrooms","visibility":false,"isBuiltIn":true,"POIs":{"Mens Washroom 2":{"roomNum":"100","visibility":false,"latitude":379,"name":"Mens Washroom 2","description":"This is the mens washroom on the 2nd floor of Middlesex College","isBuiltIn":true,"type":"Washroom","isFavourite":false,"iconFileName":"men_bathroom.png","longitude":523},"Womens Washroom 2":{"roomNum":"139","visibility":false,"latitude":503,"name":"Womens Washroom 2","description":"This is the womens washroom on the 2nd floor of Middlesex College","isBuiltIn":true,"type":"Washroom","isFavourite":false,"iconFileName":"women_bathroom.png","longitude":1019}}}},"floorPNGFile":"MSC2.png","floorNum":2}}},"PhysicsAndAstronomy":{"name":"Physics And Astronomy","numFloors":4,"Floors":{"Floor4":{"floorPNGFile":"PA4.png","Layers":{"Accessibility":{"visibility":false,"name":"Accessibility","isBuiltIn":true,"POIs":{"Elevator 2":{"roomNum":"Elev.A","visibility":false,"latitude":491,"name":"Elevator 2","description":"This is one of two elevators located in the Physics and Astronomy building (the only one that goes to the 4th floor)","isBuiltIn":true,"type":"Accessibility","isFavourite":false,"iconFileName":"elevator.png","longitude":582}}},"User Created":{"visibility":false,"name":"User Created","isBuiltIn":false,"POIs":{"null":{"roomNum":"null","visibility":false,"latitude":-1,"name":"null","description":"","isBuiltIn":false,"type":"User Created","isFavourite":false,"iconFileName":"userCreated.png","longitude":-1}}},"Stairwell":{"visibility":false,"name":"Stairwell","isBuiltIn":false,"POIs":{"Stairwell 6":{"roomNum":"ST.6","visibility":false,"latitude":510,"name":"Stairwell 6","description":"This is the sixth stairwell in The Physics and Astronomy Building","isBuiltIn":false,"type":"Stairwell","isFavourite":false,"iconFileName":"stairs.png","longitude":724},"Stairwell 2":{"roomNum":"ST.2","visibility":false,"latitude":512,"name":"Stairwell 2","description":"This is the second stairwell in The Physics and Astronomy Building","isBuiltIn":false,"type":"Stairwell","isFavourite":false,"iconFileName":"stairs.png","longitude":256}}},"Washrooms":{"visibility":false,"name":"Washrooms","isBuiltIn":true,"POIs":{"Womens Washroom 3":{"roomNum":"307","visibility":false,"latitude":550,"name":"Womens Washroom 3","description":"This is the womens washroom on the 4th floor of Physics and Astronomy","isBuiltIn":true,"type":"Washroom","isFavourite":false,"iconFileName":"women_bathroom.png","longitude":327},"Mens Washroom 3":{"roomNum":"305","visibility":false,"latitude":582,"name":"Mens Washroom 3","description":"This is the mens washroom on the 4th floor of Physics and Astronomy","isBuiltIn":true,"type":"Washroom","isFavourite":false,"iconFileName":"men_bathroom.png","longitude":327}}},"Other":{"visibility":false,"name":"Other","isBuiltIn":false,"POIs":{"Mechanical Room":{"roomNum":"330","visibility":false,"latitude":284,"name":"Mechanical Room","description":"This is the mechanical room in the Physics and Astronomy building, off limits to students","isBuiltIn":false,"type":"Other","isFavourite":false,"iconFileName":"other.png","longitude":490}}}},"floorNum":4},"Floor1":{"floorPNGFile":"PA1.png","Layers":{"Exits":{"visibility":false,"name":"Exits","isBuiltIn":false,"POIs":{"Exit 5":{"roomNum":"N\/A","visibility":false,"latitude":200,"name":"Exit 5","description":"This is exit number 5 of the Physics and Astronomy building - located on the first floor","isBuiltIn":false,"type":"Exits","isFavourite":false,"iconFileName":"exit.png","longitude":753},"Exit 2":{"roomNum":"N\/A","visibility":false,"latitude":512,"name":"Exit 2","description":"This is exit number 2 of the Physics and Astronomy building - located on the first floor","isBuiltIn":false,"type":"Exits","isFavourite":false,"iconFileName":"exit.png","longitude":233},"Exit 3":{"roomNum":"N\/A","visibility":false,"latitude":200,"name":"Exit 3","description":"This is exit number 3 of the Physics and Astronomy building - located on the first floor","isBuiltIn":false,"type":"Exits","isFavourite":false,"iconFileName":"exit.png","longitude":282},"Exit 7":{"roomNum":"N\/A","visibility":false,"latitude":512,"name":"Exit 7","description":"This is exit number 7 of the Physics and Astronomy building - located on the first floor","isBuiltIn":false,"type":"Exits","isFavourite":false,"iconFileName":"exit.png","longitude":795}}},"User Created":{"visibility":false,"name":"User Created","isBuiltIn":false,"POIs":{"null":{"roomNum":"null","visibility":false,"latitude":-1,"name":"null","description":"","isBuiltIn":false,"type":"User Created","isFavourite":false,"iconFileName":"userCreated.png","longitude":-1},"Mechanical Room":{"roomNum":"1","visibility":true,"latitude":256,"name":"Mechanical Room","description":"This is the mech room","isBuiltIn":false,"type":"User Created","isFavourite":false,"iconFileName":"userCreated.png","longitude":384}}},"Accessibility":{"visibility":false,"name":"Accessibility","isBuiltIn":true,"POIs":{"Elevator 1":{"roomNum":"Elev.A","visibility":false,"latitude":232,"name":"Elevator 1","description":"This is one of two elevators located in the Physics and Astronomy building","isBuiltIn":true,"type":"Accessibility","isFavourite":false,"iconFileName":"elevator.png","longitude":455},"Elevator 2":{"roomNum":"Elev.A","visibility":false,"latitude":491,"name":"Elevator 2","description":"This is one of two elevators located in the Physics and Astronomy building","isBuiltIn":true,"type":"Accessibility","isFavourite":false,"iconFileName":"elevator.png","longitude":609}}},"Classroom":{"visibility":false,"name":"Classroom","isBuiltIn":null,"POIs":{"PAB36":{"roomNum":"36","visibility":false,"latitude":558,"name":"PAB36","description":"This is a classroom on the first floor of the Physics and Astronomy Building- Room num PAB 36","isBuiltIn":false,"type":"Classroom","isFavourite":false,"iconFileName":"classroom.png","longitude":584},"PAB34":{"roomNum":"34","visibility":false,"latitude":583,"name":"PAB34","description":"This is a classroom on the first floor of the Physics and Astronomy Building- Room num PAB 34","isBuiltIn":false,"type":"Classroom","isFavourite":false,"iconFileName":"classroom.png","longitude":705}}},"Stairwell":{"visibility":true,"name":"Stairwell","isBuiltIn":false,"POIs":{"Stairwell 6":{"roomNum":"ST.6","visibility":true,"latitude":512,"name":"Stairwell 6","description":"This is the sixth stairwell in The Physics and Astronomy Building","isBuiltIn":false,"type":"Stairwell","isFavourite":false,"iconFileName":"stairs.png","longitude":745},"Stairwell 5":{"roomNum":"ST.5","visibility":true,"latitude":200,"name":"Stairwell 5","description":"This is the fifth stairwell in The Physics and Astronomy Building","isBuiltIn":false,"type":"Stairwell","isFavourite":false,"iconFileName":"stairs.png","longitude":726},"Stairwell 2":{"roomNum":"ST.2","visibility":true,"latitude":512,"name":"Stairwell 2","description":"This is the second stairwell in The Physics and Astronomy Building","isBuiltIn":false,"type":"Stairwell","isFavourite":false,"iconFileName":"stairs.png","longitude":287},"Stairwell 1":{"roomNum":"ST.1","visibility":true,"latitude":542,"name":"Stairwell 1","description":"This is the first stairwell in The Physics and Astronomy Building","isBuiltIn":false,"type":"Stairwell","isFavourite":false,"iconFileName":"stairs.png","longitude":527}}},"Washrooms":{"visibility":true,"name":"Washrooms","isBuiltIn":true,"POIs":{"Womens Washroom 1":{"roomNum":"20","visibility":true,"latitude":240,"name":"Womens Washroom 1","description":"This is the womens washroom on the 1st floor of Physics and Astronomy","isBuiltIn":true,"type":"Washroom","isFavourite":false,"iconFileName":"women_bathroom.png","longitude":550},"Mens Washroom 1":{"roomNum":"18","visibility":true,"latitude":241,"name":"Mens Washroom 1","description":"This is the mens washroom on the 1st floor of Physics and Astronomy","isBuiltIn":true,"type":"Washroom","isFavourite":false,"iconFileName":"men_bathroom.png","longitude":515}}},"Other":{"visibility":false,"name":"Other","isBuiltIn":false,"POIs":{"Tunnel To NatSci":{"roomNum":"N\/A","visibility":false,"latitude":77,"name":"Tunnel To NatSci","description":"This tunnel leads to the Natural Science centre, an easy way to walk to the building","isBuiltIn":false,"type":"Other","isFavourite":false,"iconFileName":"other.png","longitude":578}}}},"floorNum":1},"Floor3":{"floorPNGFile":"PA3.png","Layers":{"User Created":{"visibility":false,"name":"User Created","isBuiltIn":false,"POIs":{"null":{"roomNum":"null","visibility":false,"latitude":-1,"name":"null","description":"","isBuiltIn":false,"type":"User Created","isFavourite":false,"iconFileName":"userCreated.png","longitude":-1}}},"Accessibility":{"visibility":false,"name":"Accessibility","isBuiltIn":true,"POIs":{"Elevator 1":{"roomNum":"Elev.A","visibility":false,"latitude":233,"name":"Elevator 1","description":"This is one of two elevators located in the Physics and Astronomy building","isBuiltIn":true,"type":"Accessibility","isFavourite":false,"iconFileName":"elevator.png","longitude":427},"Elevator 2":{"roomNum":"Elev.A","visibility":false,"latitude":491,"name":"Elevator 2","description":"This is one of two elevators located in the Physics and Astronomy building","isBuiltIn":true,"type":"Accessibility","isFavourite":false,"iconFileName":"elevator.png","longitude":582}}},"Stairwell":{"visibility":false,"name":"Stairwell","isBuiltIn":false,"POIs":{"Stairwell 6":{"roomNum":"ST.6","visibility":false,"latitude":531,"name":"Stairwell 6","description":"This is the sixth stairwell in The Physics and Astronomy Building","isBuiltIn":false,"type":"Stairwell","isFavourite":false,"iconFileName":"stairs.png","longitude":711},"Stairwell 5":{"roomNum":"ST.5","visibility":false,"latitude":201,"name":"Stairwell 5","description":"This is the fifth stairwell in The Physics and Astronomy Building","isBuiltIn":false,"type":"Stairwell","isFavourite":false,"iconFileName":"stairs.png","longitude":690},"Stairwell 2":{"roomNum":"ST.2","visibility":false,"latitude":512,"name":"Stairwell 2","description":"This is the second stairwell in The Physics and Astronomy Building","isBuiltIn":false,"type":"Stairwell","isFavourite":false,"iconFileName":"stairs.png","longitude":265}}},"Washrooms":{"visibility":false,"name":"Washrooms","isBuiltIn":true,"POIs":{"Mens Washroom 2":{"roomNum":"219","visibility":false,"latitude":237,"name":"Mens Washroom 2","description":"This is the mens washroom on the 3rd floor of Physics and Astronomy","isBuiltIn":true,"type":"Washroom","isFavourite":false,"iconFileName":"men_bathroom.png","longitude":488},"Womens Washroom 2":{"roomNum":"221","visibility":false,"latitude":241,"name":"Womens Washroom 2","description":"This is the womens washroom on the 3rd floor of Physics and Astronomy","isBuiltIn":true,"type":"Washroom","isFavourite":false,"iconFileName":"women_bathroom.png","longitude":519}}}},"floorNum":3},"Floor2":{"floorPNGFile":"PA2.png","Layers":{"Exits":{"visibility":false,"name":"Exits","isBuiltIn":false,"POIs":{"Exit 1":{"roomNum":"N\/A","visibility":false,"latitude":658,"name":"Exit 1","description":"This is exit number 1 of the Physics and Astronomy building - located on the second floor","isBuiltIn":false,"type":"Exits","isFavourite":false,"iconFileName":"exit.png","longitude":486},"Exit 4":{"roomNum":"N\/A","visibility":false,"latitude":108,"name":"Exit 4","description":"This is exit number 4 of the Physics and Astronomy building - located on the second floor","isBuiltIn":false,"type":"Exits","isFavourite":false,"iconFileName":"exit.png","longitude":554}}},"User Created":{"visibility":false,"name":"User Created","isBuiltIn":false,"POIs":{"null":{"roomNum":"null","visibility":false,"latitude":-1,"name":"null","description":"","isBuiltIn":false,"type":"User Created","isFavourite":false,"iconFileName":"userCreated.png","longitude":-1}}},"Accessibility":{"visibility":false,"name":"Accessibility","isBuiltIn":true,"POIs":{"Elevator 1":{"roomNum":"Elev.A","visibility":false,"latitude":263,"name":"Elevator 1","description":"This is one of two elevators located in the Physics and Astronomy building","isBuiltIn":true,"type":"Accessibility","isFavourite":false,"iconFileName":"elevator.png","longitude":426},"Elevator 2":{"roomNum":"Elev.A","visibility":false,"latitude":521,"name":"Elevator 2","description":"This is one of two elevators located in the Physics and Astronomy building","isBuiltIn":true,"type":"Accessibility","isFavourite":false,"iconFileName":"elevator.png","longitude":580}}},"Stairwell":{"visibility":false,"name":"Stairwell","isBuiltIn":false,"POIs":{"Stairwell 6":{"roomNum":"ST.6","visibility":false,"latitude":541,"name":"Stairwell 6","description":"This is the sixth stairwell in The Physics and Astronomy Building","isBuiltIn":false,"type":"Stairwell","isFavourite":false,"iconFileName":"stairs.png","longitude":715},"Stairwell 5":{"roomNum":"ST.5","visibility":false,"latitude":230,"name":"Stairwell 5","description":"This is the fifth stairwell in The Physics and Astronomy Building","isBuiltIn":false,"type":"Stairwell","isFavourite":false,"iconFileName":"stairs.png","longitude":685},"Stairwell 2":{"roomNum":"ST.2","visibility":false,"latitude":537,"name":"Stairwell 2","description":"This is the second stairwell in The Physics and Astronomy Building","isBuiltIn":false,"type":"Stairwell","isFavourite":false,"iconFileName":"stairs.png","longitude":257},"Stairwell 1":{"roomNum":"ST.1","visibility":false,"latitude":579,"name":"Stairwell 1","description":"This is the first stairwell in The Physics and Astronomy Building","isBuiltIn":false,"type":"Stairwell","isFavourite":false,"iconFileName":"stairs.png","longitude":487}}},"Classroom":{"visibility":false,"name":"Classroom","isBuiltIn":null,"POIs":{"PAB117":{"roomNum":"117","visibility":false,"latitude":305,"name":"PAB117","description":"This is a classroom on the second floor of the Physics and Astronomy Building- Room num PAB 117","isBuiltIn":false,"type":"Classroom","isFavourite":false,"iconFileName":"classroom.png","longitude":367},"PAB106":{"roomNum":"106","visibility":false,"latitude":494,"name":"PAB106","description":"This is a classroom on the second floor of the Physics and Astronomy Building- Room num PAB 106","isBuiltIn":false,"type":"Classroom","isFavourite":false,"iconFileName":"classroom.png","longitude":268},"PAB148":{"roomNum":"117","visibility":false,"latitude":611,"name":"PAB148","description":"This is a classroom on the second floor of the Physics and Astronomy Building- Room num PAB 148","isBuiltIn":false,"type":"Classroom","isFavourite":false,"iconFileName":"classroom.png","longitude":687},"PAB150":{"roomNum":"117","visibility":false,"latitude":580,"name":"PAB150","description":"This is a classroom on the second floor of the Physics and Astronomy Building- Room num PAB 150","isBuiltIn":false,"type":"Classroom","isFavourite":false,"iconFileName":"classroom.png","longitude":568}}},"Washrooms":{"visibility":false,"name":"Washrooms","isBuiltIn":true,"POIs":{"Unisex Accessible Washroom 1":{"roomNum":"153","visibility":false,"latitude":508,"name":"Unisex Accessible Washroom 1","description":"This is the unisex washroom on the 2nd floor of Physics and Astronomy, it is accessibility friendly","isBuiltIn":true,"type":"Washroom","isFavourite":false,"iconFileName":"unisex_accessible.png","longitude":493},"Mens Washroom 2":{"roomNum":"131","visibility":false,"latitude":268,"name":"Mens Washroom 2","description":"This is the mens washroom on the 2nd floor of Physics and Astronomy","isBuiltIn":true,"type":"Washroom","isFavourite":false,"iconFileName":"men_bathroom.png","longitude":483},"Womens Washroom 2":{"roomNum":"133","visibility":false,"latitude":271,"name":"Womens Washroom 2","description":"This is the womens washroom on the 2nd floor of Physics and Astronomy","isBuiltIn":true,"type":"Washroom","isFavourite":false,"iconFileName":"women_bathroom.png","longitude":514},"Unisex Washroom 1":{"roomNum":"154","visibility":false,"latitude":494,"name":"Unisex Washroom 1","description":"This is the unisen washroom on the 2nd floor of Physics and Astronomy","isBuiltIn":true,"type":"Washroom","isFavourite":false,"iconFileName":"unisex_bathroom.png","longitude":516}}}},"floorNum":2}}},"AlumniHall":{"name":"Alumni Hall","numFloors":3,"Floors":{"Floor1":{"floorPNGFile":"AH1.png","Layers":{"Accessibility":{"visibility":false,"name":"Accessibility","isBuiltIn":true,"POIs":{"Elevator 1":{"roomNum":"Elev.A","visibility":false,"latitude":176,"name":"Elevator 1","description":"This is the only elevator located in Alumni Hall","isBuiltIn":true,"type":"Accessibility","isFavourite":false,"iconFileName":"elevator.png","longitude":458}}},"User Created":{"visibility":false,"name":"User Created","isBuiltIn":false,"POIs":{"null":{"roomNum":"null","visibility":false,"latitude":-1,"name":"null","description":"","isBuiltIn":false,"type":"User Created","isFavourite":false,"iconFileName":"userCreated.png","longitude":-1}}},"Stairwell":{"visibility":false,"name":"Stairwell","isBuiltIn":false,"POIs":{"Stairwell 4":{"roomNum":"ST.4","visibility":false,"latitude":568,"name":"Stairwell 4","description":"This is the forth stairwell in Alumni Hall","isBuiltIn":false,"type":"Stairwell","isFavourite":false,"iconFileName":"stairs.png","longitude":291},"Stairwell 3":{"roomNum":"ST.3","visibility":false,"latitude":191,"name":"Stairwell 3","description":"This is the third stairwell in Alumni Hall","isBuiltIn":false,"type":"Stairwell","isFavourite":false,"iconFileName":"stairs.png","longitude":289},"Stairwell 2":{"roomNum":"ST.2","visibility":false,"latitude":108,"name":"Stairwell 2","description":"This is the second stairwell in Alumni Hall","isBuiltIn":false,"type":"Stairwell","isFavourite":false,"iconFileName":"stairs.png","longitude":632},"Stairwell 1":{"roomNum":"ST.1","visibility":false,"latitude":664,"name":"Stairwell 1","description":"This is the first stairwell in Alumni Hall","isBuiltIn":false,"type":"Stairwell","isFavourite":false,"iconFileName":"stairs.png","longitude":637}}},"Washrooms":{"visibility":false,"name":"Washrooms","isBuiltIn":true,"POIs":{"Womens Washroom 1":{"roomNum":"13","visibility":false,"latitude":512,"name":"Womens Washroom 1","description":"This is the womens washroom on the 1st floor of Alumni Hall","isBuiltIn":true,"type":"Washroom","isFavourite":false,"iconFileName":"women_bathroom.png","longitude":652},"Mens Washroom 1":{"roomNum":"12","visibility":false,"latitude":553,"name":"Mens Washroom 1","description":"This is the mens washroom on the 1st floor of Alumni Hall","isBuiltIn":true,"type":"Washroom","isFavourite":true,"iconFileName":"men_bathroom.png","longitude":639}}}},"floorNum":1},"Floor3":{"floorPNGFile":"AH3.png","Layers":{"Exits":{"visibility":false,"name":"Exits","isBuiltIn":false,"POIs":{"Exit 8":{"roomNum":"N\/A","visibility":false,"latitude":150,"name":"Exit 8","description":"This is exit number 8 of Alumni Hall - located on the third floor","isBuiltIn":false,"type":"Exits","isFavourite":false,"iconFileName":"exit.png","longitude":433},"Exit 6":{"roomNum":"N\/A","visibility":false,"latitude":185,"name":"Exit 6","description":"This is exit number 6 of Alumni Hall - located on the third floor","isBuiltIn":false,"type":"Exits","isFavourite":false,"iconFileName":"exit.png","longitude":357},"Exit 7":{"roomNum":"N\/A","visibility":false,"latitude":162,"name":"Exit 7","description":"This is exit number 7 of Alumni Hall - located on the third floor","isBuiltIn":false,"type":"Exits","isFavourite":false,"iconFileName":"exit.png","longitude":420}}},"User Created":{"visibility":false,"name":"User Created","isBuiltIn":false,"POIs":{"null":{"roomNum":"null","visibility":false,"latitude":-1,"name":"null","description":"","isBuiltIn":false,"type":"User Created","isFavourite":false,"iconFileName":"userCreated.png","longitude":-1}}},"Accessibility":{"visibility":false,"name":"Accessibility","isBuiltIn":true,"POIs":{"Elevator 1":{"roomNum":"Elev.A","visibility":false,"latitude":176,"name":"Elevator 1","description":"This is the only elevator located in Alumni Hall","isBuiltIn":true,"type":"Accessibility","isFavourite":false,"iconFileName":"elevator.png","longitude":458}}},"Stairwell":{"visibility":false,"name":"Stairwell","isBuiltIn":false,"POIs":{"Stairwell 4":{"roomNum":"ST.4","visibility":false,"latitude":568,"name":"Stairwell 4","description":"This is the forth stairwell in Alumni Hall","isBuiltIn":false,"type":"Stairwell","isFavourite":false,"iconFileName":"stairs.png","longitude":291},"Stairwell 3":{"roomNum":"ST.3","visibility":false,"latitude":191,"name":"Stairwell 3","description":"This is the third stairwell in Alumni Hall","isBuiltIn":false,"type":"Stairwell","isFavourite":false,"iconFileName":"stairs.png","longitude":289},"Stairwell 2":{"roomNum":"ST.2","visibility":false,"latitude":108,"name":"Stairwell 2","description":"This is the second stairwell in Alumni Hall","isBuiltIn":false,"type":"Stairwell","isFavourite":false,"iconFileName":"stairs.png","longitude":632},"Stairwell 1":{"roomNum":"ST.1","visibility":false,"latitude":664,"name":"Stairwell 1","description":"This is the first stairwell in Alumni Hall","isBuiltIn":false,"type":"Stairwell","isFavourite":false,"iconFileName":"stairs.png","longitude":637}}},"Other":{"visibility":false,"name":"Other","isBuiltIn":false,"POIs":{"Auditorium Seating":{"roomNum":"200","visibility":false,"latitude":370,"name":"Auditorium Seating","description":"This is the seating for all sporting events\/ performances in Alumni Hall","isBuiltIn":false,"type":"Other","isFavourite":false,"iconFileName":"other.png","longitude":626},"Gym Floor":{"roomNum":"201","visibility":false,"latitude":376,"name":"Gym Floor","description":"This is the hardwood basketball court in Alumni Hall, where the Mustangs play their games","isBuiltIn":false,"type":"Other","isFavourite":false,"iconFileName":"other.png","longitude":420}}}},"floorNum":3},"Floor2":{"floorPNGFile":"AH2.png","Layers":{"Exits":{"visibility":false,"name":"Exits","isBuiltIn":false,"POIs":{"Exit 1":{"roomNum":"N\/A","visibility":false,"latitude":388,"name":"Exit 1","description":"This is exit number 1 of Alumni Hall - located on the second floor","isBuiltIn":false,"type":"Exits","isFavourite":false,"iconFileName":"exit.png","longitude":699},"Exit 2":{"roomNum":"N\/A","visibility":false,"latitude":674,"name":"Exit 2","description":"This is exit number 2 of Alumni Hall - located on the second floor","isBuiltIn":false,"type":"Exits","isFavourite":false,"iconFileName":"exit.png","longitude":615},"Exit 9":{"roomNum":"N\/A","visibility":false,"latitude":118,"name":"Exit 9","description":"This is exit number 9 of Alumni Hall - located on the second floor","isBuiltIn":false,"type":"Exits","isFavourite":false,"iconFileName":"exit.png","longitude":578}}},"Accessibility":{"visibility":false,"name":"Accessibility","isBuiltIn":true,"POIs":{"Elevator 1":{"roomNum":"Elev.A","visibility":false,"latitude":176,"name":"Elevator 1","description":"This is the only elevator located in Alumni Hall","isBuiltIn":true,"type":"Accessibility","isFavourite":false,"iconFileName":"elevator.png","longitude":458}}},"User Created":{"visibility":false,"name":"User Created","isBuiltIn":false,"POIs":{"null":{"roomNum":"null","visibility":false,"latitude":-1,"name":"null","description":"","isBuiltIn":false,"type":"User Created","isFavourite":false,"iconFileName":"userCreated.png","longitude":-1}}},"Stairwell":{"visibility":false,"name":"Stairwell","isBuiltIn":false,"POIs":{"Stairwell 4":{"roomNum":"ST.4","visibility":false,"latitude":568,"name":"Stairwell 4","description":"This is the forth stairwell in Alumni Hall","isBuiltIn":false,"type":"Stairwell","isFavourite":false,"iconFileName":"stairs.png","longitude":291},"Stairwell 3":{"roomNum":"ST.3","visibility":false,"latitude":191,"name":"Stairwell 3","description":"This is the third stairwell in Alumni Hall","isBuiltIn":false,"type":"Stairwell","isFavourite":false,"iconFileName":"stairs.png","longitude":289},"Stairwell 2":{"roomNum":"ST.2","visibility":false,"latitude":108,"name":"Stairwell 2","description":"This is the second stairwell in Alumni Hall","isBuiltIn":false,"type":"Stairwell","isFavourite":false,"iconFileName":"stairs.png","longitude":632},"Stairwell 1":{"roomNum":"ST.1","visibility":false,"latitude":664,"name":"Stairwell 1","description":"This is the first stairwell in Alumni Hall","isBuiltIn":false,"type":"Stairwell","isFavourite":false,"iconFileName":"stairs.png","longitude":637}}},"Classroom":{"visibility":false,"name":"Classroom","isBuiltIn":null,"POIs":{"AH110":{"roomNum":"110","visibility":false,"latitude":515,"name":"AH110","description":"This is a classroom on the second floor of Alumni Hall - Room num AH 110, one of the few in Alumni Hall","isBuiltIn":false,"type":"Classroom","isFavourite":false,"iconFileName":"classroom.png","longitude":625}}},"Washrooms":{"visibility":false,"name":"Washrooms","isBuiltIn":null,"POIs":{"Mens Washroom 2":{"roomNum":"108","visibility":false,"latitude":243,"name":"Mens Washroom 2","description":"This is the mens washroom on the 2nd floor of Alumni Hall","isBuiltIn":true,"type":"Washroom","isFavourite":false,"iconFileName":"men_bathroom.png","longitude":547},"Womens Washroom 2":{"roomNum":"102","visibility":false,"latitude":518,"name":"Womens Washroom 2","description":"This is the womens washroom on the 2nd floor of Alumni Hall","isBuiltIn":true,"type":"Washroom","isFavourite":false,"iconFileName":"women_bathroom.png","longitude":550},"Accesible Mens Washroom 1":{"roomNum":"109","visibility":false,"latitude":228,"name":"Accesible Mens Washroom 1","description":"This is the mens washroom on the 4th floor of Alumni Hall, it is wheelchair accessible","isBuiltIn":true,"type":"Washroom","isFavourite":false,"iconFileName":"men_accessible.png","longitude":566},"Accesible Womens Washroom 1":{"roomNum":"103","visibility":false,"latitude":533,"name":"Accesible Womens Washroom 1","description":"This is the womens washroom on the 2nd floor of Alumni Hall, it is wheelchair accessible","isBuiltIn":true,"type":"Washroom","isFavourite":false,"iconFileName":"women_accessible.png","longitude":570}}}},"floorNum":2}}}}