{
  "Middlesex College": {
    "Floors": {
      "Floor 1": {
        "Layers": {
          "Accessibility": {
            "POIs": {
              "ramp1": {
                "name": "Ramp 1"
              },
              "elevator1": {
                "name": "Elevator 1"
              }
            }
          },
          "Washrooms": {
            "POIs": {
              "washroom1": {
                "name": "Washroom 1"
              },
              "washroom2": {
                "name": "Washroom 2"
              }
            }
          },
          "Classrooms": {
            "POIs": {
              "classroom1": {
                "name": "Classroom 1"
              },
              "classroom2": {
                "name": "Classroom 2"
              }
            }
          }
        }
      },
      "Floor 2": {
        "Layers": {
          "Accessibility": {
            "POIs": {
              "ramp2": {
                "name": "Ramp 2"
              },
              "elevator2": {
                "name": "Elevator 2"
              }
            }
          },
          "Washrooms": {
            "POIs": {
              "washroom3": {
                "name": "Washroom 3"
              },
              "washroom4": {
                "name": "Washroom 4"
              }
            }
          },
          "Classrooms": {
            "POIs": {
              "classroom3": {
                "name": "Classroom 3"
              },
              "classroom4": {
                "name": "Classroom 4"
              }
            }
          }
        }
      }
    }
  },
  "Physics and Astronomy Building": {
    "Floors": {
      "Floor 1": {
        "Layers": {
          "Accessibility": {
            "POIs": {
              "ramp3": {
                "name": "Ramp 3"
              },
              "elevator3": {
                "name": "Elevator 3"
              }
            }
          },
          "Washrooms": {
            "POIs": {
              "washroom5": {
                "name": "Washroom 5"
              },
              "washroom6": {
                "name": "Washroom 6"
              }
            }
          },
          "Classrooms": {
            "POIs": {
              "classroom5": {
                "name": "Classroom 5"
              },
              "classroom6": {
                "name": "Classroom 6"
              }
            }
          }
        }
      },
      "Floor 2": {
        "Layers": {
          "Accessibility": {
            "POIs": {
              "ramp4": {
                "name": "Ramp 4"
              },
              "elevator4": {
                "name": "Elevator 4"
              }
            }
          },
          "Washrooms": {
            "POIs": {
              "washroom7": {
                "name": "Washroom 7"
              },
              "washroom8": {
                "name": "Washroom 8"
              }
            }
          },
          "Classrooms": {
            "POIs": {
              "classroom7": {
                "name": "Classroom 7"
              },
              "classroom8": {
                "name": "Classroom 8"
              }
            }
          }
        }
      }
    }
  },
  "Alumni Hall": {
    "Floors": {
      "Floor 1": {
        "Layers": {
          "Accessibility": {
            "POIs": {
              "ramp3": {
                "name": "Ramp 4"
              },
              "elevator3": {
                "name": "Elevator 4"
              }
            }
          },
          "Washrooms": {
            "POIs": {
              "washroom5": {
                "name": "Washroom 6"
              },
              "washroom6": {
                "name": "Washroom 7"
              }
            }
          },
          "Classrooms": {
            "POIs": {
              "classroom5": {
                "name": "Classroom 8"
              },
              "classroom6": {
                "name": "Classroom 9"
              }
            }
          }
        }
      },
      "Floor 2": {
        "Layers": {
          "Accessibility": {
            "POIs": {
              "ramp4": {
                "name": "Ramp 4"
              },
              "elevator4": {
                "name": "Elevator 4"
              }
            }
          },
          "Washrooms": {
            "POIs": {
              "washroom7": {
                "name": "Washroom 7"
              },
              "washroom8": {
                "name": "Washroom 8"
              }
            }
          },
          "Classrooms": {
            "POIs": {
              "classroom7": {
                "name": "Classroom 7"
              },
              "classroom8": {
                "name": "Classroom 8"
              }
            }
          }
        }
      }
    }
  }
}
